{"accuracy": 0.9113792591859947, "roc_auc_score": 0.7121747510440091}